Métrica,Mínimo,Máximo,Media,Mediana,Desviación Estándar
Accuracy,0.9325,1.0,0.9907083333333333,1.0,0.017628053321024677
Precision,0.0,0.3181818181818182,0.0301878368399771,0.0,0.07319013957767646
Recall,0.0,1.0,0.10918907481407482,0.0,0.26283792049896654
F1-Measure,0.0,0.4117647058823529,0.04551487898952312,0.0,0.10842808561868586
