Métrica,Mínimo,Máximo,Media,Mediana,Desviación Estándar
Accuracy,0.885,1.0,0.9836666666666667,1.0,0.03386082626805724
Precision,0.0,0.8,0.04507751607213972,0.0,0.142903661888475
Recall,0.0,1.0,0.16944444444444445,0.0,0.3527230928744438
F1-Measure,0.0,0.8888888888888888,0.05853530125269255,0.0,0.16385256988720032
