Métrica,Mínimo,Máximo,Media,Mediana,Desviación Estándar
Accuracy,0.7975,1.0,0.9807777777777775,0.995,0.039341179380665864
Precision,0.0,0.9375,0.13844726062468,0.0,0.3068232309023866
Recall,0.0,1.0,0.1325547989884148,0.0,0.29487436793478744
F1-Measure,0.0,0.9206349206349206,0.12905405066387765,0.0,0.2803640370028033
