Métrica,Mínimo,Máximo,Media,Mediana,Desviación Estándar
Accuracy,0.925,1.0,0.9810000000000001,0.9925,0.02243834144197531
Precision,0.0,1.0,0.07909094083528732,0.0,0.17234827232084146
Recall,0.0,1.0,0.11625333789304378,0.0,0.2567822781182168
F1-Measure,0.0,1.0,0.08609533253711037,0.0,0.1865574329464288
